auroc,brier
0.9012359139487947,0.0923767996990923
0.9203465510227871,0.08542069922282917
0.9117062812521406,0.08829141773306337
0.9337625690155489,0.0786256789926515
0.9121808663945359,0.09411370803631565
0.9054393796992481,0.09267537382122096
0.9068145076668689,0.0958726738731016
0.9156345000291188,0.0878701000441764
0.9319090319792567,0.07815517060865797
0.91024099378882,0.09192527492023252
0.9196159528080198,0.08123082840772321
0.9128894409937889,0.08799232838282801
0.9203590527119938,0.08699184999345748
0.913078007518797,0.09308589641630322
0.9240047485704446,0.08783175826193303
0.9102657457521505,0.08649671982732603
0.9165082846003899,0.08532542440567967
0.9092625935463104,0.08654097001842409
0.9200204983665364,0.08003552537545028
0.9277657519607041,0.08261739189629184
0.9203894839337877,0.08681082798317283
0.9266027189988335,0.07991323635711396
0.9230936929163492,0.08878211997536684
0.934752249675894,0.07725588380810855
0.9212807148175726,0.08765317565246333
0.9214396365965872,0.08761987089202149
0.9123278842636002,0.08836971165876659
0.9285031185031185,0.0842338832463054
0.9022791353383459,0.09288710406288414
0.9205945036729253,0.08336881672915684
0.8997020509977827,0.09194081578124191
0.910717899788938,0.08457873498774905
0.9140194040194041,0.09167917654054435
0.9183671059189222,0.08882319225640381
0.9192994245475884,0.08424702849456016
0.9194968522392448,0.08409564868946323
0.929876917543632,0.08591445594374356
0.9117891231102351,0.0881141973877402
0.9085816144639673,0.09156092398399733
0.9116065185185185,0.09048098379335345
0.9205233394083112,0.08677533434406628
0.929269717624148,0.08583273102311258
0.9096215210391272,0.0909470446039135
0.8993738049280012,0.10153607635813663
0.9281846335274448,0.08004387618921055
0.9390323238404101,0.07609869358749162
0.9135711253251521,0.08999633363302674
0.9123080926359615,0.08631047489554387
0.9104134904134904,0.09326675377628758
0.9248637287566283,0.08500781385052777
0.9052827228290388,0.09590495537996767
0.9215760904040817,0.08884732126786328
0.9327461791257523,0.07888548492917934
0.9211040838619069,0.0872011076642735
0.9190738816766839,0.0860568667414372
0.9196263869215507,0.08043519540869973
0.8908275580921321,0.10329314603546558
0.9255070212187748,0.08567318622884967
0.9160272592592593,0.08686738794296249
0.9092313314990655,0.09244057265582495
0.9186472288848962,0.09448806204204732
0.9175648836223249,0.08517953776110708
0.9124813398617699,0.09148959166680103
0.9126162076509882,0.08899557054897166
0.9007909417516569,0.0981013544108125
0.906442330842358,0.08927414578045441
0.922852729241338,0.0876678697088495
0.9268725217206412,0.0855725713740255
0.9193961059914273,0.08431900356650714
0.9128336166081285,0.09135598546937329
0.9037075537075537,0.09420693850023808
0.9128553957253509,0.08986363737064651
0.9258861516383641,0.08290034254790198
0.9109960482509502,0.08869064867765433
0.9224952607305549,0.0840294381247967
0.9231505847953216,0.08163539217690388
0.9141917293233082,0.08925063301769186
0.9047409456740443,0.09252251982517146
0.9065716586784004,0.09133223845758133
0.9134932402563914,0.0932444439771097
0.9393716793716794,0.07791229241156011
0.918185763888889,0.08908676489214476
0.8918559837728195,0.09369278298377794
0.9240761107876332,0.08432583817839609
0.9243428043428044,0.08616746849751174
0.9163647335706957,0.08631822462658026
0.917730054984957,0.08749095354178822
0.9266327221490266,0.08542124542813707
0.9147851851851853,0.09180100388462466
0.9206867932358128,0.08332875719822581
0.9086017909731815,0.09465850779181299
0.9169447940033921,0.08583756480337339
0.900630041075644,0.09696693260499059
0.9298220391576153,0.08071203464797687
0.9208475244525328,0.08793416625890609
0.910253379737668,0.08537490519605846
0.9015593334439742,0.09615511099834226
0.9084704072394083,0.0971114573597252
0.9226305420402862,0.08510149890025985
0.9094945185185186,0.0904810103993331
0.9197304300913601,0.08865365965718983
0.9326167827989321,0.07661006766278465
0.9187829403362113,0.08726033346481303
0.9149796021289434,0.09479990333927685
0.9143466666666666,0.09216869297966745
0.9136673064343376,0.08959168097351863
0.9099008381317383,0.09154315460219961
0.9212203903155403,0.07793621335064499
0.9139744345391586,0.09402862487618219
0.9070713859020311,0.0977953022372424
0.931344609618503,0.07520437710528173
0.9225963345864662,0.08755233020306075
0.9014238721804512,0.09146725431780708
0.9216331643708404,0.08680081223843784
0.9199595532648519,0.0834285499381377
0.9125221355871087,0.0909924400121322
0.9057026851144498,0.09080223983281685
0.9184648342928307,0.09099611515414548
0.920978228836661,0.08808216518819349
0.9090360340908828,0.09457211933985786
0.9146743689468466,0.08862727242936493
0.9187022961581974,0.09035037805302955
0.9285200986489486,0.08005511834659432
0.9149252534509422,0.09004535415748895
0.9159609022025899,0.08675014460964224
0.9166811229652759,0.08658185940404026
0.8972851720031547,0.10084751255886515
0.9075329936447711,0.09003260217872351
0.9225312839378137,0.08026483954328403
0.9147102475882075,0.08700756572493817
0.9097634089736977,0.09090707011263785
0.9191188909774437,0.08851742696116723
0.9061830909420071,0.09240004067903441
0.9112874523504013,0.08920976380667857
0.9053526534246329,0.08361023845166983
0.9060402844505453,0.09237223967953313
0.9200693000693001,0.08769794301429973
0.9129947668199034,0.08543955736699699
0.9128542990297766,0.0921699237927154
0.908647361497344,0.09148502951765189
0.9191399859780323,0.09103278206981961
0.9165391054771586,0.08144972671894347
0.9198344148579101,0.09567931688159285
0.9263392857142858,0.08621605489868958
0.9265573481787319,0.08032607373714169
0.9064588185198313,0.09465029121858834
0.9141692773259097,0.08664061198426058
0.907477704655883,0.08946412543904751
0.9020779074355939,0.09524351390874708
0.9103756172646037,0.09402516589571493
0.9229996534574643,0.087669916149718
0.906714399474382,0.09403983426063817
0.8977962617715952,0.09732428761416921
0.9220279014048212,0.08359860627354745
0.9198436435223745,0.08651341703777098
0.9107560928570209,0.09093805825412107
0.9101476723759332,0.09091545208520173
0.9230044293657524,0.08729721434177835
0.922794373846524,0.08912551330791398
0.9221617777777777,0.0858362568207228
0.9107495195387573,0.09289451330722341
0.9154370300751882,0.09169320827110945
0.9223447851078227,0.08963957092601381
0.8858729298870144,0.09831529112162354
0.9260790946552678,0.08094781556867527
0.9126938891351717,0.08786595288723174
0.9201580846554785,0.08882663724511644
0.9216205446305116,0.08383248866162306
0.9171715465861674,0.08906705304427968
0.9072230824055642,0.0973280610090959
0.918477209410308,0.08588715049453466
0.8917503167922931,0.09886506034889343
0.9046951255023004,0.09003898524053836
0.927925,0.08605293473351655
0.913057330262489,0.08850520885645419
0.9111971770784851,0.09026559079998414
0.9122801487738763,0.09473366428603981
0.896645643563416,0.09264623650277637
0.9019347097462981,0.09112151516633608
0.8984383930113162,0.09069697136006115
0.9247282128068888,0.08258223579274854
0.9129489032309154,0.08768175246560846
0.8999752154350645,0.0956090897785527
0.9082661290322581,0.09248860145248375
0.9203635493900981,0.0882180934357707
0.9198113669050672,0.08479348000149295
0.9346944352371724,0.07519471055819674
0.9282395788482078,0.08247921670334145
0.9252778018716088,0.08226402230118808
0.9041399408511293,0.0906529552504364
0.9175154628164173,0.08371763091476324
0.9113970188884195,0.08787812631637973
0.9120393244034548,0.09217639222259144
0.9051994207617172,0.09489997496469611
0.9238081964522953,0.09036274268400708
0.912637828668363,0.09426725431168069
0.9113488745059855,0.08958155682100741
0.9115922962962962,0.09061176592781775
0.9000920156077108,0.09335362042357134
0.8998913542320336,0.09587593700083262
0.8839629069593786,0.10376580955180592
0.8915976749989702,0.09475329925737296
0.9262154210643856,0.08079812030857828
0.9178871304751586,0.08686677390748954
0.92933252194114,0.0804103199890163
0.9064741026396027,0.09635352702348435
0.9153648759789672,0.0828096189505427
0.9308025911286781,0.08574310505190656
0.9266711311335687,0.08493357512538457
0.893031506159706,0.10213838760232317
0.9229425772783509,0.08589832358264603
0.9148123732251521,0.08301096532815914
0.9162995594713657,0.08737700093491113
0.9183513588951514,0.09229128306357726
0.9152022727272726,0.08989356274463742
0.9186769950770903,0.08273982702579678
0.9132275132275133,0.09463450174847067
0.9143547033619985,0.092375313621585
0.9213206762749446,0.07999844579731342
0.9229727272727273,0.08754603571944837
0.9098123563005266,0.09437565729546481
0.9041178442940125,0.09892056828696005
0.911370998196271,0.09150824819092801
0.9277310627918287,0.079394158053579
0.920583850931677,0.08256606534739262
0.9049506578947368,0.09324989108721127
0.9130584444791217,0.09093940508451263
0.9250603654417489,0.08511259521742322
0.9303449359629135,0.07606944310378513
0.9002772727272728,0.1017007024907291
0.9111636716236666,0.09519845154859964
0.9107518490478131,0.09222313229916396
0.9260870605118392,0.0818107893739472
0.9136768339290013,0.0913207371969719
0.914996412341545,0.08884296607751477
0.9136260269201615,0.09515609396195698
0.9260511260845252,0.07972464045434449
0.9194595555555556,0.09060376948465437
0.9207894349075371,0.08898176342281416
0.8904513489857939,0.10101450950407298
0.9178195795236154,0.08768707789690931
0.9111971770784852,0.09132665103058915
0.9150599671485362,0.0883301900575449
0.9215845660648707,0.08624280997324915
0.9185183214672652,0.08723707069021448
0.9118834737407724,0.09023111391391585
0.9107517726504026,0.09029982731142756
0.915432498839189,0.0838098404951218
0.9205131693952525,0.08866156139507084
0.9308818181818181,0.08538968996314897
0.909662760105238,0.09048092127404375
0.9186709260212256,0.08646786758321046
0.9230333553863468,0.08195994835192713
0.9108865566060464,0.09082759486737764
0.9177688247055594,0.08921478747937917
0.9137444307881395,0.09003841841322567
0.9240557396813334,0.08550102239846703
0.9147317109911758,0.0888524454646935
0.9131970431970431,0.08804979740825941
0.908471264179743,0.09192858150990177
0.9137733755009037,0.08637015870991797
0.9145181340896748,0.08263739939024577
0.9099238972740461,0.093583875964444
0.9278334229314622,0.08096458241922629
0.9199124647652668,0.09153460697325931
0.9165627735175782,0.08995367025477155
0.9042550242550242,0.09805857586678467
0.9192172849571953,0.08593987800139603
0.9376773239318704,0.07702437389335465
0.9137473139784746,0.08859899382616035
0.9144346978557505,0.08497258368511687
0.9189215542879431,0.08641435048902239
0.9190841031271295,0.08968039974327958
0.908840955553873,0.0933577752894665
0.9156919254658384,0.08477083735450681
0.9248220640569393,0.08433837016238736
0.8988110587195167,0.09832717263442438
0.9241191733202432,0.08071002802330286
0.9313047698174953,0.07813513178869365
0.9142405407036389,0.09009078445752804
0.9175980156372313,0.08695456377884217
0.8976701958517019,0.1017367331615154
0.9116743731620492,0.08979540682865246
0.9138775453251599,0.08946628779398313
0.922562153073067,0.0871321143245328
0.9149396533753138,0.08719889639097937
0.9215426857889143,0.08376837799735636
0.9181840182681226,0.08544748961366562
0.9208109318996416,0.08372629227808466
0.9116203923833517,0.08555434296151435
0.9075245387580977,0.09045942291138755
0.8990088476412174,0.09866285779873987
0.908124162832683,0.09315937144755092
0.9099203939823248,0.09058037971671233
0.9195145085030123,0.0889471218269671
0.9142020740740742,0.09107358609863443
0.9188496859588895,0.08613217809920053
0.9123099090458752,0.09280441178626136
0.9223463739474942,0.08446908337737458
0.9253891964359,0.08421115497520298
0.9201834567821957,0.0849243145519476
0.9245960585775801,0.08790524925582954
0.9083805552791782,0.09206979810300314
0.900803325297804,0.10186373159011466
0.9127865623461181,0.09068301369865314
0.9151231318504602,0.09383198054075789
0.9247397672490558,0.08448123044172594
0.9163112808722095,0.08673113970052271
0.907152757556345,0.09500516565459474
0.9178792455610404,0.08839045795004445
0.9067290093800046,0.09117259453361186
0.9111919626245504,0.087502143355263
0.9191210334105886,0.08327530368926547
0.9244269834130401,0.08711959195127701
0.9244582635733078,0.08364632838486685
0.9135480286091506,0.09042119898482767
0.9196819973476755,0.08835948528883653
0.928196924038791,0.08359187971061781
0.9092078021629715,0.09521866881518747
0.9273178094549339,0.08049045542644868
0.9149893784300058,0.08895533063121476
0.9175937898252109,0.09143102223510892
0.9206717586925788,0.08855818256288232
0.936482891617693,0.07268769516978446
0.9080871536203776,0.09393167282235007
0.9036718389921647,0.0953070204194978
0.910973561080106,0.09348063739897915
0.9234352962033103,0.07841455662044347
0.9155626815360718,0.08952021171292365
0.9248338860657299,0.0827089776846397
0.909905065638211,0.09206186940139904
0.903891444877992,0.09411721796625598
0.9289588576222069,0.0777719901681221
0.923267780127554,0.08345416682812792
0.9287377355262473,0.08027358861506055
0.9268301324370352,0.08022212794634213
0.9085928238933703,0.08708436541612205
0.905026750180198,0.09369357248339925
0.9178679836908066,0.08736351586930194
0.9173410365762102,0.09305395367666706
0.9195929810969575,0.08743887862995288
0.9084901433691757,0.09019882537510364
0.906266074074074,0.09272323849683231
0.9129424283154123,0.08961890459297077
0.9209936018777921,0.08397281518837615
0.9037939181961099,0.09499328162467285
0.9125716795282013,0.08819121103019063
0.9196244670087447,0.08681019931018452
0.9191840296102398,0.08656872501918599
0.9094849112240417,0.08802336698108706
0.9084791945914743,0.08580907862059094
0.9271072065189712,0.08575303718682434
0.924206129236617,0.08105959714060161
0.9186844487357431,0.0859494134500339
0.914265422077922,0.08778382503104103
0.9175791528732704,0.08661799447219874
0.9224587493075213,0.0865010594691032
0.917591841492396,0.08629480889047365
0.9114779135338346,0.0916607617363683
0.9195091954487822,0.08527020021148153
0.9232724124098661,0.08286100507447271
0.8912065304425669,0.0988755576124335
0.9182488453093056,0.0885083714579581
0.9225688422704659,0.08841609960239648
0.9116744711771355,0.0931211317534243
0.9354302640361938,0.07901005700778235
0.9179409167606508,0.09169150004821172
0.9094682734696827,0.09303860231463884
0.9330234483349232,0.0801573526331097
0.9091074140093748,0.09089609461470252
0.9122333745732596,0.0929115842544503
0.9086720272904483,0.09416884280583743
0.9267568181818182,0.08366875316570094
0.9232182574219128,0.08327919063398202
0.9187013457244584,0.08490876549762166
0.9019897973211094,0.0867754255953784
0.9174567097758435,0.0880079701464756
0.9255632623774216,0.08521593358224289
0.9198057497311415,0.08395647692210034
0.9270077804008114,0.08370695397290397
0.9128551628551628,0.09452157759252655
0.9073410237278721,0.09436299621318567
0.9098987939775696,0.09213467926561103
0.9155456748897073,0.09192224147184341
0.9089959251906801,0.09276418944370034
0.920490909090909,0.09001601485113402
0.9195850931677019,0.08461433232289042
0.9105208870551831,0.09460400623784573
0.9141377660846688,0.08473837128762605
0.9272901219803874,0.0835769723190287
0.9203693357249978,0.0930733740558222
0.8961989520086501,0.10284638954035456
0.9222232433059897,0.08373717269243262
0.923033169193766,0.08509002352897735
0.9145433975492774,0.09446758071095254
0.9242744543202062,0.08334187127652053
0.9134322696662889,0.09412667318204357
0.925994436587399,0.08485440851009668
0.9192287325172103,0.08935762681927054
0.9156558655345695,0.09510939936463307
0.9258400842455476,0.08292298005969283
0.9142936522259476,0.09223194818076422
0.9267801242236023,0.08147032698753386
0.9099067617580253,0.0945895351291932
0.9241332464361443,0.08830296065146094
0.9348647372326789,0.07960836559224041
0.915974476237999,0.08762924179506268
0.9149914074074075,0.0909730071640087
0.918745110057089,0.08741931570289499
0.9143799759436393,0.09287358478872884
0.928686917005501,0.08403773265764662
0.9065654240035365,0.09490805460949085
0.9135950221008811,0.08751127527865735
0.9133629629629629,0.08979665101960002
0.9112171052631578,0.09585706658468003
0.91176790717044,0.09369581352310126
0.916029832843213,0.08617402519047793
0.9322798579047376,0.08191947320689491
0.9159876071640778,0.09142551948707518
0.9073334201542311,0.09497095222178037
0.9216844720496894,0.0849054043909271
0.9097875881218523,0.09355391136780547
0.9145756934156697,0.09429053365532246
0.9405469620218775,0.07143649003748542
0.9243429521625242,0.08418069210335888
0.9251402387030987,0.07670022798083105
0.9171060888460134,0.08906866601605012
0.9084782766221533,0.09445986385721722
0.9159447849246807,0.0899669521266516
0.9053334429654852,0.08970700619614305
0.8967248983332379,0.09798039521593714
0.9206523447303672,0.0875784784635806
0.9171426410797057,0.09169975375667877
0.9091034074074075,0.08722547365227089
0.9173090366450987,0.09189380283551278
0.9173269980506824,0.08708548041099069
0.9092449907459563,0.08645114890867465
0.9294997642720932,0.07956507608078006
0.9353837794555022,0.08193434838693073
0.9059499964187893,0.09056412356422416
0.9084769143567365,0.09652810445683442
0.9148496240601505,0.09377277830699321
0.925410375200183,0.08722681698959885
0.9222783389450057,0.08481681522426955
0.9139362815833403,0.08875979046121422
0.9053593131297291,0.09599690134886434
0.9123924210445157,0.08676608173699303
0.9130118475949602,0.08943804510331031
0.9248660350070459,0.08596502591764041
0.9140806376721868,0.08623000454523135
0.903567801540115,0.08923203044485092
0.9142444905250918,0.09034002520806625
0.9159982453173746,0.0888610692396439
0.9225714285714285,0.08294160661379485
0.919051518530102,0.08782545067936486
0.9142982456140352,0.08398023362587409
0.9125552990385786,0.08747025798243348
0.909587199969605,0.0905380578558527
0.9109660440555737,0.09085061575899415
0.9216984028055555,0.08766864751714451
0.9294459008882894,0.08355943231787069
0.9294597561898993,0.0837317454243402
0.905983891569685,0.10227841356992348
0.9285464269713262,0.0838015128435945
0.9059007441360383,0.09516401462605033
0.9142293148864422,0.09501742632246252
0.9221471966037184,0.08649564802610796
0.9183187043133048,0.08231767028218913
0.9239681491334963,0.08864220808213459
0.9252538829151733,0.08579490255573857
0.9251402312536628,0.0871452265674198
0.9080330180130349,0.09063915976257263
0.9194887181040357,0.08764792090682366
0.9436397037037038,0.07598626300101904
0.9210403809817799,0.08024867461245391
0.897724171539961,0.09226562103206767
0.916249861718829,0.08699062784507741
0.8992465735691135,0.09509799089827209
0.9270190920020501,0.08028252297731356
0.9297351111111112,0.08186228589304437
0.9308550132622194,0.0799388888651387
0.9264506453911943,0.07967655206659054
0.9051058827936947,0.09298028156616185
0.9195354376178597,0.08225600849982712
0.9118231276658,0.09282797190741301
0.9244572368421053,0.08416049486100441
0.9371084095614187,0.0812989186154212
0.9192470809627806,0.0909429652009458
0.9021832918735829,0.09476814802177999
0.9209186159844054,0.08883773489294784
0.9147310038051591,0.08989253628833868
0.9203120859286777,0.08570401697345029
0.9145855526240578,0.08864286890900651
0.9165076473819643,0.08713511222814892
0.918632562579745,0.0867512142212831
0.9313848780532582,0.08160987338841474
0.8894476372924649,0.09488275149481777
0.9183922075208252,0.08714224136912369
0.905904948018798,0.09639206591364044
0.9085280957136274,0.08742310700217691
0.9160858601390001,0.08549376382400105
0.8967363106641124,0.0947210529301985
0.9278407309960961,0.08417231253162478
0.9254420755301037,0.07913720564348925
0.9220716083276138,0.09008183460573359
0.8996224759155922,0.10137773652096238
0.903437493618093,0.09836168648923077
0.9175757516461368,0.08461820769087
0.9010115513971555,0.09079157008695442
0.9234471951801586,0.08894330658418388
0.9002714624262442,0.10018707497607375
0.9181291388825678,0.09086241370731409
0.9209888695388808,0.08814573197551462
0.9102709756836866,0.09359261650538998
0.9296980478739456,0.08709958591712187
0.9057365726073823,0.09619507967680356
0.9181057163358048,0.08748888340673691
0.9227315154645714,0.0890276350425803
0.9256933201327819,0.08394661366833338
0.9161040371733752,0.08748722282148295
0.9174900954396874,0.08877672692550163
0.9297462626725471,0.08288387664514224
0.9306747032412818,0.07968973911609388
0.9240755800047835,0.08625414753898603
0.9033311318034251,0.09669745626896281
0.9117228448875663,0.087742345176538
0.9160088277735337,0.0934378000760248
0.9192587380876134,0.09131696984570956
0.9166918423777555,0.09065645245332507
0.9193013100436682,0.08072908169304384
0.9169142404436521,0.08927803333121029
0.9066768446917685,0.09676346204566608
0.9174313992129034,0.09062864615102825
0.9196062288460592,0.08799281783170511
0.9150034650034649,0.09372250569336367
0.9128533333333333,0.08721808528491465
0.9063322298616416,0.08870734897905747
0.9130605683297283,0.08879774420385175
0.9093656815300614,0.08965664060003799
0.9285893343583402,0.08396660981609984
0.9274218635631679,0.08602548105490251
0.9167872297041432,0.08590681921189097
0.9090852390852391,0.09441389655148844
0.9079229323308271,0.09156014197619046
0.9091727658527585,0.08932268318919832
0.9209713932908006,0.07882547247000488
0.9166056973757102,0.08639330821338732
0.9064296781660692,0.09399532544567943
0.9330314417865389,0.07924486954986303
0.9096609710571022,0.09168185503646309
0.9201589490139724,0.08652439052249572
0.9059180124223603,0.08680758063661097
0.9222205262022963,0.08662452610048099
0.9142619593689696,0.08941933818655812
0.9210144060700309,0.08382137357551003
0.9075247051358531,0.0925610120846072
0.9013132741785292,0.09470161674144041
0.9164332237884067,0.08335998408857466
0.9257473900187074,0.08360819847532733
0.9304,0.07449686732496084
0.9289171659109225,0.07950809589527236
0.9222051983173828,0.08347151404332698
0.9198483758612856,0.08811830015347423
0.9262828947368421,0.08495188819697716
0.9381853352430358,0.07781634287564429
0.9163452773297807,0.08966604936800121
0.9103488439811309,0.09176357228525017
0.9132779314113885,0.08904574090444499
0.9234757136367078,0.08553774139280654
0.9217227095516569,0.07974180020752698
0.9115953947368421,0.09109864473530498
0.9115309687268776,0.08736346156780803
0.9190192766874381,0.08842307288552761
0.9192581917475728,0.09717298285495038
0.9174487588811427,0.08536496044090533
0.9221530249110319,0.08708376106895405
0.9134928447035664,0.09081041773555236
0.9145861942084264,0.08992199615705866
0.9154671207608946,0.08328293168583692
0.916869002476397,0.08951610361520371
0.9242112175102599,0.09350051120197372
0.9092048897711839,0.09107813585284756
0.9188263231801908,0.08401343186931731
0.9093706105059488,0.09183508589992433
0.9086940923224108,0.08942382183778962
0.9138915168333013,0.0891005890452917
0.9067166227492315,0.09348211605872424
0.9191240081487614,0.0882559626262578
0.9175945694028117,0.0859276949135348
0.9120605902814427,0.09024992203928851
0.9138136363636363,0.09301155377969973
0.918552243875125,0.0904142149382709
0.903411583356002,0.08930364592822608
0.930895133829585,0.07918938457281172
0.9156956852767417,0.08717235491583676
0.9043637011516061,0.09360215553086254
0.9211361887120197,0.08485995367867476
0.92087492556354,0.08744526154362736
0.9115502719022868,0.08900555301656944
0.9173375173495866,0.08507749292211363
0.9141545590073951,0.09508585035411625
0.9252340188156541,0.0831467072077467
0.8978480768739654,0.10024870368426288
0.925270444878288,0.08462124719730517
0.9279142879413091,0.08261234936527813
0.9185821262323994,0.08656864467993701
0.918425925925926,0.08184812042985859
0.9009161481481482,0.09490398951551644
0.9054133883153929,0.09446490678491076
0.920169877515849,0.09158199261751006
0.9202333102333101,0.09014626730566044
0.934938301260665,0.07867198709783176
0.9190967038579398,0.08645374571851926
0.9101438010104936,0.09647437417116696
0.9154830282281261,0.08572781232423443
0.9113193006776168,0.09424792212766041
0.9132148348606925,0.08654667346854793
0.9181831577396301,0.08793894579137593
0.9195050593255645,0.08943548470892124
0.9129687731694516,0.09025986361821446
0.91449166615413,0.08573906337546794
0.9072664762278578,0.09144695529676401
0.9332089987177993,0.08032791736906834
0.917986283083114,0.08561792701857598
0.9163228271026387,0.08650257117251546
0.9002334814814814,0.09667081922405271
0.9118799334468348,0.08885338274245255
0.9102434706052595,0.09121936557564732
0.9206239910988699,0.08895038356912471
0.913641737330922,0.09131432147649365
0.9177939549239997,0.09181019962031864
0.9107636243471237,0.09222837752987945
0.9188280315713945,0.08606952951739834
0.9218086663738838,0.0883536119725181
0.900631660513031,0.0990474569240949
0.9081083363239113,0.09125770548327476
0.9194554201691295,0.08903896625544373
0.9095162852586366,0.08967371840855037
0.8998823597926737,0.09718276919836763
0.9035451202589638,0.08896913493469329
0.9307158374896142,0.08168178605274522
0.9162427191624272,0.09080082561507906
0.922133591096336,0.08969176670986184
0.9117992098915586,0.09060439550162559
0.9151822896948588,0.08886508106070028
0.9127668743812242,0.09251612265463655
0.9190602810301209,0.08896135579340124
0.913792112294453,0.08698821609200331
0.9103361904599152,0.0933621871552629
0.9143121826463559,0.0906497038276929
0.9069568527674174,0.08784263315718405
0.9307104590864028,0.08395698326343558
0.9186537494195945,0.08881506721541704
0.9153467076669035,0.0893031450015212
0.9231218128276952,0.08843271725331227
0.9203890280123463,0.08748807077330278
0.9162616303291209,0.0860398981925343
0.9109394599590678,0.09399862643854796
0.9086967892492155,0.08787302057008525
0.9069217049019005,0.08901384118180578
0.9255698912561658,0.08044814092947429
0.9082492226740013,0.08945496302872137
0.8986062311624732,0.09472814415933666
0.930565276652177,0.08269724905134289
0.9243500726626837,0.08167822570617964
0.9300761784752849,0.08352990030316382
0.9231690983018417,0.08582985741506259
0.9337863354037267,0.07958038671998655
0.9228606938605094,0.08700168421850533
0.908067738791423,0.08895116606796188
0.9215811747242316,0.0835529854003168
0.9138043195420245,0.08941051852575284
0.906991304347826,0.08895325075349493
0.9242666390496611,0.08470137273428624
0.9173091410736822,0.08707712289485771
0.9131744891443168,0.08804868685411399
0.917874308019225,0.09068036283159728
0.9085012673355114,0.08765327146364425
0.9253524584414674,0.08635929478988226
0.9206410426289089,0.0886315297154724
0.9268266229050542,0.08063211379990735
0.9199826086956522,0.08487642649248353
0.895014273781221,0.10199694400490462
0.9047522672294985,0.09404309968632564
0.9118810916179336,0.08848196586723346
0.9076832753303342,0.09344740644849807
0.9232332769129921,0.08232365433191546
0.9124893592323169,0.09129821838532723
0.9130244644001674,0.09021077553996842
0.8994987590862975,0.09749518918623983
0.9129472086766635,0.09263055565197872
0.9274643021930136,0.07984537402148816
0.9123660741743034,0.08405883476491259
0.9315712236775866,0.08163203773970519
0.9223069128494866,0.08684430390323492
0.9167088241670882,0.08949340552707039
0.9174264705882353,0.083554104574809
0.9201013624856269,0.08368325112535172
0.905458395146855,0.09555575366604702
0.9219694611851474,0.08950653288046817
0.9064642997517205,0.09241059543838247
0.9346159549403449,0.0812414111500252
0.9187581997274277,0.09049273061310215
0.8996702435396213,0.09701577525472184
0.9226474862510805,0.08714930941791346
0.9126625051363426,0.09550276440468514
0.8988834546511374,0.09479964630680426
0.9291741985033108,0.0826134318197059
0.9114513328853047,0.09309781126586211
0.9143538963035858,0.08739236359765225
0.9292912736843091,0.08299249307374028
0.9146867909110143,0.08384111584430275
0.9160249961306299,0.08426606290894526
0.9156554656106226,0.09035470029986102
0.9304819413947149,0.07871024001874728
0.8991407407407408,0.09811616044783322
0.9214840198124873,0.08879247596361307
0.9171755425564561,0.08544836915803342
0.9212917392291966,0.08565881037795034
0.923410962962963,0.08334269597826642
0.9002900652646846,0.10144261624344532
0.9107898273618175,0.09364820225428772
0.9338038509261408,0.07876586562408276
0.91193933996882,0.09087868894267997
0.9257764930192509,0.08185526187620984
0.892999569469217,0.0934431926907583
0.9125440107518741,0.0867821301202575
0.911738973804745,0.08904470987307347
0.9227964151539881,0.0818376731479651
0.9234309448284203,0.08576523113650131
0.9211719684286056,0.084171591770427
0.9142471418562127,0.08845851153280586
0.9244853074269959,0.07751986836086953
0.9123438387119394,0.09373469816017159
0.9152086952518711,0.0886920399924757
0.9228243252435269,0.08579491309156348
0.9063033078691685,0.09573936183932263
0.9188841736283484,0.0884383012037246
0.9127987532447005,0.08433243131700452
0.9119632143513688,0.08806482400580647
0.8948073308270676,0.09980601765564188
0.9058613408247366,0.09248279588739339
0.9150479801888253,0.08618934719087516
0.9165881096028154,0.09504518103874308
0.9063107998585895,0.09156671895546141
0.9219453023716923,0.08604985701960492
0.9098360655737705,0.08746130781726437
0.8959666275459983,0.09787271887059099
0.908249413189975,0.09209575904587744
0.8958124198398094,0.09748321626253206
0.9049767303786018,0.09304523291753777
0.9189377736573008,0.08849831738120154
0.8944032800189521,0.09839134026551831
0.9177626255163145,0.08547086649299276
0.9103798495914617,0.09550456879408639
0.910136888888889,0.08893186306911362
0.9223677718020624,0.08057218588912705
0.919771886677343,0.08180900916499627
0.9131018382082075,0.09318472822194944
0.9154107336325646,0.08517106299896253
0.9165385311689095,0.08758987394553874
0.9165212981744422,0.08488104864676782
0.9214798264481199,0.08877110040217148
0.9190840909090909,0.09187884438504869
0.9059722391330818,0.08984763538730799
0.9126152850696171,0.08978360796217447
0.9050427437884299,0.09908274243188096
0.9121490442054958,0.09366231998592742
0.9168436913061748,0.08961023041649241
0.9162384475831347,0.08860721085573206
0.9167461525452393,0.0947366083309738
0.9195771316761808,0.08720637626744865
0.9216579276891806,0.08103028418521047
0.908653846153846,0.09213469583108205
0.9193290349938802,0.08534788108646686
0.9074191966348828,0.09115967381726833
0.9084375989863794,0.08774058907175188
0.9226207326385502,0.08830054642603197
0.9043590134978958,0.09184749733983404
0.9187597948024129,0.08788399296465613
0.9222408623643632,0.089409977250715
0.9060776782492168,0.09866965634324777
0.925862788206776,0.08623068959262849
0.9239243497712776,0.08602486424734455
0.9272070076087657,0.08162779657176905
0.9332808894221793,0.07536750461022945
0.9302062374245472,0.07983452283009491
0.9148894799508372,0.08792316326411272
0.9086673097996609,0.09085219450604998
0.9253005453986788,0.08355544630066658
0.9302720259280153,0.08483240978250657
0.9198100482786208,0.08879404769180331
0.9173990650632478,0.08785985235655008
0.9198056007074182,0.08654685527365534
0.9211788913333856,0.08489976473883609
0.9206324231394861,0.08608943736289461
0.9135716472928466,0.09212977381270494
0.9158957187275771,0.08875865654288856
0.91393827300003,0.09298541025683395
0.9091175791175792,0.09494582450037611
0.916117880432409,0.09143423681973077
0.9231485263247878,0.08375268106161635
0.9068610051172834,0.086482138827197
0.9106587928010372,0.0886703367060082
0.9086721011432762,0.09463958287390081
0.9122850900946383,0.09381847836040852
0.9132667824074074,0.08999357071203885
0.9172147565641123,0.08848035269827077
0.9084106354080137,0.09192655645351833
0.9073857444469813,0.0934488687796182
0.9121104211160888,0.09369393575651994
0.9150885925925926,0.08857726651607367
0.9218491532769532,0.08768852085476031
0.9211555109408385,0.08597346502583404
0.9273198124647458,0.08659933335009953
0.9085015432997496,0.09320336255147241
0.9212897723058667,0.08837707416005486
0.919556562264537,0.08749916538831151
0.9274882518796992,0.08642308256181411
0.9189838149641578,0.08573787273728946
0.915545224696191,0.09487727969158288
0.9293732263110077,0.08145867895151285
0.9126447407407406,0.0925230350478164
0.9297226151669844,0.07765079280041906
0.9081529304683039,0.09624512388776721
0.903342480585424,0.09207500643102438
0.9071256454388984,0.09775624878544302
0.90837646391218,0.08711264088875005
0.9144336726912223,0.08718862233391042
0.9094525074340045,0.08648976245473981
0.9180299893343372,0.08112006083475176
0.9173713784348865,0.0892480898776635
0.9181239151504202,0.08338939415656968
0.915463204793363,0.08742055966990672
0.918015153262612,0.09149625223508254
0.8959060151401317,0.09293285541938963
0.9302091165413534,0.08348493437642165
0.9180470513996115,0.08558231595807661
0.9036887775901229,0.093009526633841
0.9313843107565081,0.08443989585550851
0.9212807850120708,0.08949905892579331
0.9235134991778496,0.08394431149065565
0.9278007492265936,0.08685830630869905
0.9196759861605035,0.08469346259440831
0.9215833146654719,0.08358844452591782
0.921816201227966,0.0855788231115343
0.9234804267186134,0.08444528900291023
0.9291504988913526,0.08303009035677118
0.9231186417594284,0.08080945433013118
0.9156081746493858,0.09120070935301897
0.8981232273248445,0.09500016773426262
0.9110612924530934,0.09245364788821088
0.9258298062990924,0.07985358589331704
0.9400124223602484,0.07486624946228
0.9064366097350203,0.09206789740351083
0.9226899860702678,0.0856697501941239
0.9058416876806692,0.09081203179526888
0.9196268911495277,0.08595794456722158
0.9321903157416522,0.07954602446278981
0.9213444845598402,0.0843308572047695
0.9121599108903908,0.08590678592626709
0.9250363312429084,0.08466109902446717
0.9216976917349218,0.08964302481603201
0.9153200387276953,0.09344050190683108
0.928090002225024,0.08541486192527081
0.9256242833866393,0.08205406534776562
0.9259327880251793,0.08776785235144806
0.9038934084940106,0.08607431031472551
0.9085555443099945,0.08996274818794435
0.9246898554978378,0.08157550032633414
0.9226118672884946,0.08392184030242349
0.9326327645486963,0.07915925200142078
0.9180647706148981,0.08362176682627712
0.9280566993981629,0.07959041731608966
0.9150109020193289,0.08912351843844113
0.9079310628107116,0.08686210190919903
0.9143386394074269,0.0878457271715297
0.9030424851961991,0.09356949448677604
0.9225048732943469,0.0840406353448866
0.9217022422414385,0.08634157660432551
0.8961351111111111,0.09780909653315764
0.9081939953374227,0.09275750232392485
0.9164638052530429,0.09067055287922104
0.9254550784893792,0.08393012466684571
0.9244231261894306,0.08965392853575982
0.9393219140410152,0.07400451728640871
0.9187256920613132,0.0877466482465758
0.9085279543168105,0.09696091816582286
0.9052790811209901,0.0941072193595952
0.9114128417506147,0.08195342560633488
0.9150115373832783,0.08926397782675072
0.9143341069325441,0.08825854733267396
0.9135866723646859,0.08765576825507196
0.9188621330897015,0.08543110668340899
0.9143410772530116,0.09241295246778164
0.9306669919516852,0.07511765296666607
0.9080219075892164,0.09679393389585841
0.9113526413778726,0.09048511772851335
0.925862123271574,0.0796266650248653
0.9212314889854859,0.08863598170194269
0.9147039757994814,0.0860985844582688
0.9138760653192358,0.08646922310043338
0.913579502166098,0.0932090771272784
0.913615756879033,0.09189789849139737
0.9047635715352449,0.09451098688550465
0.9210453598341047,0.08345611082423944
0.9060044711852955,0.09078183774191384
0.9138933270676692,0.09015810260433355
0.913957033957034,0.09184226732100793
0.9156213402137316,0.09048570247870243
0.915940020043271,0.09209711151909138
0.9146129832404342,0.09016355114767205
0.9145629699248121,0.088819315538667
0.9255439357341531,0.08585173772144865
0.9120516904914597,0.09063393906944024
0.9249652030874351,0.08576674121079739
0.9250485364396654,0.08590964391503636
0.9135758164277723,0.09063492066402022
0.914037898194858,0.09198663793368916
0.9111609445222133,0.08948945639427332
0.9190287972896669,0.08293615065946945
0.9094883040935672,0.09041741953378066
0.9174785888269034,0.08649444604918169
0.9340621764610898,0.0769800200246318
0.906003646946143,0.0960819851241161
0.9190414728920393,0.08886793788745326
0.9114602153646021,0.09259562660685042
0.9266033046553375,0.08887800298893042
0.9059727548838958,0.09523842668633531
0.9155138001545853,0.08617445086959197
0.910587104228461,0.09731674607866857
0.9292984167550448,0.08242090869723749
0.9205766430048172,0.08207572730307684
0.9117689650178944,0.09417657949452796
0.9094894747734739,0.09184914711732063
0.9065217038012123,0.09858420981215296
0.9213583556747095,0.08822871652347901
0.9128177881545338,0.088036145309199
0.9120100177209685,0.08675900015181742
0.9128533333333333,0.08983078455751822
0.9155504890062821,0.09208334771672641
0.9151895452450453,0.08881805033605773
0.9039228940884014,0.09103904065165697
0.9183114087538866,0.08989209962041873
0.9072133133953106,0.09229953815849495
0.926937441643324,0.0865097113491198
0.9275888426435104,0.07931534404207266
0.9141649925963652,0.08999072499475953
0.9096582321681049,0.09530397726886763
0.9267310412694507,0.07992962651977487
0.8905344023969436,0.10651368397619024
0.9182721576487557,0.08896657981289073
0.9122545678921389,0.09417593068097832
0.9086060976388293,0.09345575040364197
0.918126840301482,0.08979816414048132
0.9106728622291955,0.09099263332101157
0.9293054244628283,0.08579613862607781
0.9135265185185185,0.0902321767061023
0.9261954545454545,0.08138703578610844
0.9109511445117617,0.0875080466997661
0.908002206482237,0.0928846595910884
0.9144912592592592,0.09096993160424134
0.9198969013116444,0.09019797723949734
0.9193286242659956,0.08469816933609829
0.9221652284110796,0.08498277260027295
0.928747174444889,0.08367425152076123
0.9184230772883996,0.08430034031820202
0.9184028320559101,0.08450074808370116
0.9096253640424121,0.09292258538415177
0.9128736219665552,0.08713796924117273
0.9270162362398593,0.086955663637061
0.9237454218338366,0.08977002198341731
0.9083223539745279,0.09413735329746392
0.9075051269153382,0.09120498567959665
0.9113544618889536,0.09303371568677907
0.9134768502049616,0.08924732787936135
0.9281691696113075,0.08137712676787211
0.9175572901372413,0.09120023006628751
0.9064150733771676,0.08823411101181178
0.9162320670472843,0.08956235937564065
0.9084756075245205,0.10015924564918875
0.9156784573058847,0.08970982243846574
0.9178990778395096,0.09228209729545558
0.9031581272084805,0.09545492763820035
0.9134374289004759,0.09357468510551625
0.9196591435698722,0.08489712634480805
0.9088651315789473,0.09234640250149323
0.9151222778673759,0.0927586833369539
0.9109668638684619,0.08891105536025827
0.9106529538387945,0.09207193889075768
0.9274841771034625,0.08404604434213656
0.9081424544504182,0.09183421504757988
0.9123128438172687,0.08633785344717981
0.9199636373256119,0.083112201036057
0.9096548224270271,0.09402435217493546
0.9218133333333333,0.08510857500464748
0.9126954025195884,0.08882047749259202
0.9186135154252407,0.0841657268605086
0.9226748769812141,0.0869560335610284
0.9172829330288073,0.09160748987893642
